instant,dteday,season,yr,mnth,holiday,weekday,workingday,weathersit,temp,atemp,hum,windspeed,casual,registered,cnt,prediction
121,2011-05-01,2,0,5,0,0,0,2,0.451667,0.448204,0.762083,0.10635399999999999,1138,2213,3351,3087.98
122,2011-05-02,2,0,5,0,1,1,2,0.549167,0.532833,0.73,0.183454,847,3554,4401,3272.86
123,2011-05-03,2,0,5,0,2,1,2,0.616667,0.582079,0.697083,0.342667,603,3848,4451,3910.97
124,2011-05-04,2,0,5,0,3,1,2,0.414167,0.40465,0.737083,0.328996,255,2378,2633,1897.55
125,2011-05-05,2,0,5,0,4,1,1,0.459167,0.441917,0.44416700000000003,0.295392,614,3819,4433,3790.58
126,2011-05-06,2,0,5,0,5,1,1,0.479167,0.474117,0.59,0.228246,894,3714,4608,3490.72
127,2011-05-07,2,0,5,0,6,0,1,0.52,0.512621,0.54125,0.16045,1612,3102,4714,3990.32
128,2011-05-08,2,0,5,0,0,0,1,0.5283329999999999,0.518933,0.631667,0.0746375,1401,2932,4333,3546.44
129,2011-05-09,2,0,5,0,1,1,1,0.5325,0.525246,0.58875,0.17600000000000002,664,3698,4362,3477.88
130,2011-05-10,2,0,5,0,2,1,1,0.5325,0.522721,0.489167,0.11567100000000001,694,4109,4803,3714.81
131,2011-05-11,2,0,5,0,3,1,1,0.5425,0.5284,0.632917,0.12064200000000001,550,3632,4182,3435.64
132,2011-05-12,2,0,5,0,4,1,1,0.535,0.523363,0.7475,0.189667,695,4169,4864,3371.61
133,2011-05-13,2,0,5,0,5,1,2,0.5125,0.4943,0.863333,0.179725,692,3413,4105,3423.01
134,2011-05-14,2,0,5,0,6,0,2,0.520833,0.500629,0.9225,0.13495,902,2507,3409,3902.11
135,2011-05-15,2,0,5,0,0,0,2,0.5625,0.536,0.867083,0.152979,1582,2971,4553,3445.76
136,2011-05-16,2,0,5,0,1,1,1,0.5775,0.550512,0.787917,0.126871,773,3185,3958,3466.97
137,2011-05-17,2,0,5,0,2,1,2,0.561667,0.538529,0.837917,0.277354,678,3445,4123,3080.29
138,2011-05-18,2,0,5,0,3,1,2,0.55,0.527158,0.87,0.201492,536,3319,3855,3382.15
139,2011-05-19,2,0,5,0,4,1,2,0.530833,0.510742,0.829583,0.10821300000000002,735,3840,4575,3294.71
140,2011-05-20,2,0,5,0,5,1,1,0.536667,0.529042,0.719583,0.125013,909,4008,4917,3440.25
141,2011-05-21,2,0,5,0,6,0,1,0.6025,0.571975,0.626667,0.12065,2258,3547,5805,4143.61
142,2011-05-22,2,0,5,0,0,0,1,0.604167,0.5745,0.749583,0.148008,1576,3084,4660,3950.14
143,2011-05-23,2,0,5,0,1,1,2,0.631667,0.590296,0.81,0.233842,836,3438,4274,4050.86
144,2011-05-24,2,0,5,0,2,1,2,0.66,0.604813,0.740833,0.207092,659,3833,4492,4009.96
145,2011-05-25,2,0,5,0,3,1,1,0.660833,0.615542,0.69625,0.15423299999999998,740,4238,4978,3893.13
146,2011-05-26,2,0,5,0,4,1,1,0.708333,0.654688,0.6775,0.19964200000000001,758,3919,4677,3980.57
147,2011-05-27,2,0,5,0,5,1,1,0.681667,0.637008,0.65375,0.240679,871,3808,4679,4119.15
148,2011-05-28,2,0,5,0,6,0,1,0.655833,0.612379,0.729583,0.23009200000000002,2001,2757,4758,4322.14
149,2011-05-29,2,0,5,0,0,0,1,0.6675,0.61555,0.81875,0.21393800000000002,2355,2433,4788,4120.35
150,2011-05-30,2,0,5,1,1,0,1,0.733333,0.671092,0.685,0.131225,1549,2549,4098,3929.0
151,2011-05-31,2,0,5,0,2,1,1,0.775,0.725383,0.636667,0.111329,673,3309,3982,3927.73
152,2011-06-01,2,0,6,0,3,1,2,0.764167,0.720967,0.677083,0.207092,513,3461,3974,3957.02
153,2011-06-02,2,0,6,0,4,1,1,0.715,0.643942,0.305,0.29228699999999996,736,4232,4968,4078.23
154,2011-06-03,2,0,6,0,5,1,1,0.62,0.587133,0.354167,0.253121,898,4414,5312,4157.99
155,2011-06-04,2,0,6,0,6,0,1,0.635,0.594696,0.45625,0.123142,1869,3473,5342,4359.46
156,2011-06-05,2,0,6,0,0,0,2,0.648333,0.616804,0.6525,0.138692,1685,3221,4906,3930.76
157,2011-06-06,2,0,6,0,1,1,1,0.678333,0.621858,0.6,0.121896,673,3875,4548,3851.04
158,2011-06-07,2,0,6,0,2,1,1,0.7075,0.65595,0.597917,0.187808,763,4070,4833,4001.25
159,2011-06-08,2,0,6,0,3,1,1,0.775833,0.727279,0.6220829999999999,0.136817,676,3725,4401,3868.22
160,2011-06-09,2,0,6,0,4,1,2,0.808333,0.757579,0.568333,0.149883,563,3352,3915,3848.0
161,2011-06-10,2,0,6,0,5,1,1,0.755,0.703292,0.605,0.14055399999999998,815,3771,4586,3927.21
162,2011-06-11,2,0,6,0,6,0,1,0.725,0.678038,0.654583,0.15485,1729,3237,4966,4185.24
163,2011-06-12,2,0,6,0,0,0,1,0.6925,0.643325,0.747917,0.16356700000000002,1467,2993,4460,4016.48
164,2011-06-13,2,0,6,0,1,1,1,0.635,0.601654,0.494583,0.30535,863,4157,5020,3980.11
165,2011-06-14,2,0,6,0,2,1,1,0.604167,0.591546,0.507083,0.269283,727,4164,4891,3973.67
166,2011-06-15,2,0,6,0,3,1,1,0.626667,0.587754,0.471667,0.16791199999999998,769,4411,5180,4043.25
167,2011-06-16,2,0,6,0,4,1,2,0.628333,0.595346,0.688333,0.20647100000000002,545,3222,3767,3956.44
168,2011-06-17,2,0,6,0,5,1,1,0.649167,0.600383,0.735833,0.143029,863,3981,4844,3947.21
169,2011-06-18,2,0,6,0,6,0,1,0.696667,0.643954,0.670417,0.11940799999999999,1807,3312,5119,4177.09
170,2011-06-19,2,0,6,0,0,0,2,0.699167,0.645846,0.666667,0.102,1639,3105,4744,3932.66
171,2011-06-20,2,0,6,0,1,1,2,0.635,0.595346,0.74625,0.155475,699,3311,4010,3881.44
172,2011-06-21,3,0,6,0,2,1,2,0.680833,0.637646,0.770417,0.171025,774,4061,4835,3942.78
173,2011-06-22,3,0,6,0,3,1,1,0.733333,0.693829,0.7075,0.172262,661,3846,4507,3903.05
174,2011-06-23,3,0,6,0,4,1,2,0.728333,0.693833,0.703333,0.238804,746,4044,4790,4037.43
175,2011-06-24,3,0,6,0,5,1,1,0.724167,0.656583,0.573333,0.222025,969,4022,4991,4033.99
176,2011-06-25,3,0,6,0,6,0,1,0.695,0.643313,0.483333,0.209571,1782,3420,5202,4466.69
177,2011-06-26,3,0,6,0,0,0,1,0.68,0.637629,0.513333,0.09453330000000001,1920,3385,5305,4015.14
178,2011-06-27,3,0,6,0,1,1,2,0.6825,0.637004,0.658333,0.10758800000000002,854,3854,4708,3859.34
179,2011-06-28,3,0,6,0,2,1,1,0.744167,0.692558,0.634167,0.144283,732,3916,4648,3914.25
180,2011-06-29,3,0,6,0,3,1,1,0.728333,0.654688,0.497917,0.261821,848,4377,5225,4075.12
181,2011-06-30,3,0,6,0,4,1,1,0.696667,0.637008,0.434167,0.18531199999999998,1027,4488,5515,4128.13
182,2011-07-01,3,0,7,0,5,1,1,0.7225,0.652162,0.39625,0.10260799999999999,1246,4116,5362,4082.19
183,2011-07-02,3,0,7,0,6,0,1,0.738333,0.667308,0.444583,0.11506199999999998,2204,2915,5119,4359.46
184,2011-07-03,3,0,7,0,0,0,2,0.716667,0.668575,0.6825,0.228858,2282,2367,4649,4038.65
185,2011-07-04,3,0,7,1,1,0,2,0.726667,0.665417,0.637917,0.08147919999999999,3065,2978,6043,3903.26
186,2011-07-05,3,0,7,0,2,1,1,0.746667,0.696338,0.590417,0.12625799999999998,1031,3634,4665,3915.39
187,2011-07-06,3,0,7,0,3,1,1,0.72,0.685633,0.743333,0.149883,784,3845,4629,3891.06
188,2011-07-07,3,0,7,0,4,1,1,0.75,0.686871,0.65125,0.1592,754,3838,4592,3866.86
189,2011-07-08,3,0,7,0,5,1,2,0.709167,0.6704829999999999,0.757917,0.225129,692,3348,4040,3964.89
190,2011-07-09,3,0,7,0,6,0,1,0.733333,0.664158,0.609167,0.16791199999999998,1988,3348,5336,4187.49
191,2011-07-10,3,0,7,0,0,0,1,0.7475,0.690025,0.578333,0.183471,1743,3138,4881,4018.59
192,2011-07-11,3,0,7,0,1,1,1,0.7625,0.729804,0.635833,0.282337,723,3363,4086,3866.49
193,2011-07-12,3,0,7,0,2,1,1,0.794167,0.739275,0.559167,0.200254,662,3596,4258,4002.49
194,2011-07-13,3,0,7,0,3,1,1,0.746667,0.689404,0.631667,0.14613299999999999,748,3594,4342,3868.22
195,2011-07-14,3,0,7,0,4,1,1,0.680833,0.635104,0.47625,0.24066700000000002,888,4196,5084,4211.95
196,2011-07-15,3,0,7,0,5,1,1,0.663333,0.624371,0.59125,0.182833,1318,4220,5538,4018.8
197,2011-07-16,3,0,7,0,6,0,1,0.686667,0.638263,0.585,0.208342,2418,3505,5923,4287.06
198,2011-07-17,3,0,7,0,0,0,1,0.719167,0.669833,0.604167,0.245033,2006,3296,5302,4068.54
199,2011-07-18,3,0,7,0,1,1,1,0.746667,0.703925,0.65125,0.215804,841,3617,4458,3943.94
200,2011-07-19,3,0,7,0,2,1,1,0.776667,0.747479,0.650417,0.1306,752,3789,4541,3927.73
201,2011-07-20,3,0,7,0,3,1,1,0.768333,0.74685,0.707083,0.113817,644,3688,4332,3874.0
202,2011-07-21,3,0,7,0,4,1,2,0.815,0.826371,0.69125,0.222021,632,3152,3784,3950.44
203,2011-07-22,3,0,7,0,5,1,1,0.848333,0.8408959999999999,0.580417,0.1331,562,2825,3387,3954.58
204,2011-07-23,3,0,7,0,6,0,1,0.849167,0.804287,0.5,0.131221,987,2298,3285,4386.76
205,2011-07-24,3,0,7,0,0,0,1,0.83,0.794829,0.550833,0.16917100000000002,1050,2556,3606,3944.99
206,2011-07-25,3,0,7,0,1,1,1,0.743333,0.720958,0.757083,0.09080830000000001,568,3272,3840,3898.62
207,2011-07-26,3,0,7,0,2,1,1,0.771667,0.696979,0.540833,0.200258,750,3840,4590,4000.87
208,2011-07-27,3,0,7,0,3,1,1,0.775,0.690667,0.402917,0.18346300000000001,755,3901,4656,4116.24
209,2011-07-28,3,0,7,0,4,1,1,0.779167,0.7399,0.583333,0.178479,606,3784,4390,3992.54
210,2011-07-29,3,0,7,0,5,1,1,0.838333,0.785967,0.5425,0.17413800000000001,670,3176,3846,3982.11
211,2011-07-30,3,0,7,0,6,0,1,0.804167,0.728537,0.465833,0.168537,1559,2916,4475,4360.45
212,2011-07-31,3,0,7,0,0,0,1,0.805833,0.729796,0.480833,0.16481300000000002,1524,2778,4302,4082.52
213,2011-08-01,3,0,8,0,1,1,1,0.771667,0.703292,0.550833,0.156717,729,3537,4266,3857.72
214,2011-08-02,3,0,8,0,2,1,1,0.783333,0.707071,0.49125,0.20585,801,4044,4845,4136.14
215,2011-08-03,3,0,8,0,3,1,2,0.731667,0.679937,0.6575,0.13558299999999998,467,3107,3574,3839.82
216,2011-08-04,3,0,8,0,4,1,2,0.71,0.664788,0.7575,0.19715,799,3777,4576,3949.34
217,2011-08-05,3,0,8,0,5,1,1,0.710833,0.656567,0.630833,0.184696,1023,3843,4866,4018.78
218,2011-08-06,3,0,8,0,6,0,2,0.716667,0.676154,0.755,0.22825,1521,2773,4294,4181.53
219,2011-08-07,3,0,8,0,0,0,1,0.7425,0.715292,0.7529170000000001,0.201487,1298,2487,3785,4092.56
220,2011-08-08,3,0,8,0,1,1,1,0.765,0.703283,0.592083,0.192175,846,3480,4326,3936.19
221,2011-08-09,3,0,8,0,2,1,1,0.775,0.724121,0.570417,0.151121,907,3695,4602,3918.63
222,2011-08-10,3,0,8,0,3,1,1,0.766667,0.684983,0.424167,0.200258,884,3896,4780,4113.07
223,2011-08-11,3,0,8,0,4,1,1,0.7175,0.651521,0.42375,0.164796,812,3980,4792,4021.47
224,2011-08-12,3,0,8,0,5,1,1,0.708333,0.654042,0.415,0.125621,1051,3854,4905,4082.19
225,2011-08-13,3,0,8,0,6,0,2,0.685833,0.645858,0.729583,0.211454,1504,2646,4150,4183.89
226,2011-08-14,3,0,8,0,0,0,2,0.676667,0.624388,0.8175,0.222633,1338,2482,3820,4076.14
227,2011-08-15,3,0,8,0,1,1,1,0.665833,0.616167,0.712083,0.208954,775,3563,4338,3936.96
228,2011-08-16,3,0,8,0,2,1,1,0.700833,0.645837,0.578333,0.23632899999999998,721,4004,4725,4102.71
229,2011-08-17,3,0,8,0,3,1,1,0.723333,0.666671,0.575417,0.14366700000000002,668,4026,4694,3862.08
230,2011-08-18,3,0,8,0,4,1,1,0.711667,0.662258,0.654583,0.233208,639,3166,3805,4095.39
231,2011-08-19,3,0,8,0,5,1,2,0.685,0.633221,0.722917,0.139308,797,3356,4153,3872.0
232,2011-08-20,3,0,8,0,6,0,1,0.6975,0.648996,0.674167,0.104467,1914,3277,5191,4177.09
233,2011-08-21,3,0,8,0,0,0,1,0.710833,0.675525,0.77,0.248754,1249,2624,3873,4138.0
234,2011-08-22,3,0,8,0,1,1,1,0.691667,0.638254,0.47,0.27675,833,3925,4758,3939.51
235,2011-08-23,3,0,8,0,2,1,1,0.640833,0.606067,0.455417,0.146763,1281,4614,5895,4056.95
236,2011-08-24,3,0,8,0,3,1,1,0.673333,0.630692,0.605,0.253108,949,4181,5130,4025.45
237,2011-08-25,3,0,8,0,4,1,2,0.684167,0.645854,0.771667,0.210833,435,3107,3542,3959.76
238,2011-08-26,3,0,8,0,5,1,1,0.7,0.659733,0.76125,0.0839625,768,3893,4661,3957.61
239,2011-08-27,3,0,8,0,6,0,2,0.68,0.635556,0.85,0.37561700000000003,226,889,1115,4112.31
240,2011-08-28,3,0,8,0,0,0,1,0.707059,0.6479590000000001,0.561765,0.304659,1415,2919,4334,3986.0
241,2011-08-29,3,0,8,0,1,1,1,0.636667,0.607958,0.554583,0.159825,729,3905,4634,3857.72
242,2011-08-30,3,0,8,0,2,1,1,0.639167,0.594704,0.548333,0.12500799999999998,775,4429,5204,3909.58
243,2011-08-31,3,0,8,0,3,1,1,0.656667,0.611121,0.597917,0.08333330000000001,688,4370,5058,3864.9
244,2011-09-01,3,0,9,0,4,1,1,0.655,0.614921,0.639167,0.141796,783,4332,5115,3858.8
245,2011-09-02,3,0,9,0,5,1,2,0.643333,0.604808,0.727083,0.139929,875,3852,4727,3924.45
246,2011-09-03,3,0,9,0,6,0,1,0.669167,0.633213,0.716667,0.185325,1935,2549,4484,4242.37
247,2011-09-04,3,0,9,0,0,0,1,0.709167,0.665429,0.742083,0.206467,2521,2419,4940,4078.87
248,2011-09-05,3,0,9,1,1,0,2,0.673333,0.625646,0.790417,0.212696,1236,2115,3351,4050.13
249,2011-09-06,3,0,9,0,2,1,3,0.54,0.5152,0.886957,0.343943,204,2506,2710,3157.87
250,2011-09-07,3,0,9,0,3,1,3,0.599167,0.544229,0.917083,0.0970208,118,1878,1996,3643.77
251,2011-09-08,3,0,9,0,4,1,3,0.6339130000000001,0.555361,0.939565,0.192748,153,1689,1842,3886.74
252,2011-09-09,3,0,9,0,5,1,2,0.65,0.578946,0.897917,0.12437899999999999,417,3127,3544,3866.21
253,2011-09-10,3,0,9,0,6,0,1,0.66,0.607962,0.75375,0.153608,1750,3595,5345,4210.29
254,2011-09-11,3,0,9,0,0,0,1,0.6533329999999999,0.609229,0.71375,0.11505399999999999,1633,3413,5046,3933.55
255,2011-09-12,3,0,9,0,1,1,1,0.6443479999999999,0.60213,0.692174,0.088913,690,4023,4713,3880.22
256,2011-09-13,3,0,9,0,2,1,1,0.650833,0.603554,0.7125,0.14180399999999999,701,4062,4763,3919.49
257,2011-09-14,3,0,9,0,3,1,1,0.673333,0.6269,0.697083,0.1673,647,4138,4785,3894.75
258,2011-09-15,3,0,9,0,4,1,2,0.5775,0.553671,0.709167,0.271146,428,3231,3659,3555.63
259,2011-09-16,3,0,9,0,5,1,2,0.469167,0.461475,0.590417,0.164183,742,4018,4760,3402.98
260,2011-09-17,3,0,9,0,6,0,2,0.491667,0.478512,0.718333,0.189675,1434,3077,4511,3729.79
261,2011-09-18,3,0,9,0,0,0,1,0.5075,0.490537,0.695,0.178483,1353,2921,4274,3537.54
262,2011-09-19,3,0,9,0,1,1,2,0.549167,0.529675,0.69,0.15174200000000002,691,3848,4539,3385.11
263,2011-09-20,3,0,9,0,2,1,2,0.561667,0.532217,0.88125,0.134954,438,3203,3641,3372.53
264,2011-09-21,3,0,9,0,3,1,2,0.595,0.5505329999999999,0.9,0.0964042,539,3813,4352,3699.79
265,2011-09-22,3,0,9,0,4,1,2,0.628333,0.554963,0.902083,0.128125,555,4240,4795,3787.29
266,2011-09-23,4,0,9,0,5,1,2,0.609167,0.522125,0.9725,0.0783667,258,2137,2395,3729.47
267,2011-09-24,4,0,9,0,6,0,2,0.606667,0.564412,0.8625,0.0783833,1776,3647,5423,4033.93
268,2011-09-25,4,0,9,0,0,0,2,0.634167,0.572637,0.845,0.0503792,1544,3466,5010,3963.83
269,2011-09-26,4,0,9,0,1,1,2,0.649167,0.589042,0.848333,0.1107,684,3946,4630,3900.04
270,2011-09-27,4,0,9,0,2,1,2,0.636667,0.574525,0.885417,0.118171,477,3643,4120,3896.73
271,2011-09-28,4,0,9,0,3,1,2,0.635,0.575158,0.84875,0.14862899999999998,480,3427,3907,3814.97
272,2011-09-29,4,0,9,0,4,1,1,0.616667,0.574512,0.699167,0.17288299999999998,653,4186,4839,3856.86
273,2011-09-30,4,0,9,0,5,1,1,0.564167,0.544829,0.6475,0.206475,830,4372,5202,3744.73
274,2011-10-01,4,0,10,0,6,0,2,0.41,0.41286300000000004,0.75375,0.292296,480,1949,2429,2173.49
275,2011-10-02,4,0,10,0,0,0,2,0.356667,0.345317,0.791667,0.22201300000000002,616,2302,2918,2246.1
276,2011-10-03,4,0,10,0,1,1,2,0.384167,0.392046,0.760833,0.08334580000000001,330,3240,3570,2319.22
277,2011-10-04,4,0,10,0,2,1,1,0.484167,0.472858,0.71,0.205854,486,3970,4456,3089.4
278,2011-10-05,4,0,10,0,3,1,1,0.538333,0.527138,0.647917,0.17725,559,4267,4826,3511.0
279,2011-10-06,4,0,10,0,4,1,1,0.494167,0.480425,0.620833,0.134954,639,4126,4765,3272.8
280,2011-10-07,4,0,10,0,5,1,1,0.510833,0.504404,0.684167,0.0223917,949,4036,4985,3578.31
281,2011-10-08,4,0,10,0,6,0,1,0.521667,0.513242,0.70125,0.0454042,2235,3174,5409,3913.51
282,2011-10-09,4,0,10,0,0,0,1,0.540833,0.523983,0.7275,0.06345,2397,3114,5511,3403.03
283,2011-10-10,4,0,10,1,1,0,1,0.570833,0.542925,0.73375,0.0423042,1514,3603,5117,3447.38
284,2011-10-11,4,0,10,0,2,1,2,0.566667,0.546096,0.80875,0.143042,667,3896,4563,3369.09
285,2011-10-12,4,0,10,0,3,1,3,0.543333,0.517717,0.90625,0.24815,217,2199,2416,3437.27
286,2011-10-13,4,0,10,0,4,1,2,0.589167,0.551804,0.896667,0.141787,290,2623,2913,3707.09
287,2011-10-14,4,0,10,0,5,1,2,0.550833,0.529675,0.71625,0.223883,529,3115,3644,3492.79
288,2011-10-15,4,0,10,0,6,0,1,0.506667,0.498725,0.483333,0.258083,1899,3318,5217,4320.43
289,2011-10-16,4,0,10,0,0,0,1,0.511667,0.503154,0.486667,0.281717,1748,3293,5041,3701.36
290,2011-10-17,4,0,10,0,1,1,1,0.5341670000000001,0.510725,0.579583,0.175379,713,3857,4570,3473.78
291,2011-10-18,4,0,10,0,2,1,2,0.5325,0.522721,0.701667,0.11008699999999999,637,4111,4748,3390.47
292,2011-10-19,4,0,10,0,3,1,3,0.5417390000000001,0.513848,0.895217,0.243339,254,2170,2424,3446.76
293,2011-10-20,4,0,10,0,4,1,1,0.475833,0.466525,0.63625,0.422275,471,3724,4195,3243.16
294,2011-10-21,4,0,10,0,5,1,1,0.4275,0.42359600000000003,0.574167,0.221396,676,3628,4304,2599.99
295,2011-10-22,4,0,10,0,6,0,1,0.4225,0.425492,0.629167,0.09266669999999999,1499,2809,4308,2850.64
296,2011-10-23,4,0,10,0,0,0,1,0.421667,0.422333,0.74125,0.0995125,1619,2762,4381,2690.82
297,2011-10-24,4,0,10,0,1,1,1,0.463333,0.457067,0.772083,0.11879200000000001,699,3488,4187,3072.78
298,2011-10-25,4,0,10,0,2,1,1,0.471667,0.463375,0.622917,0.166658,695,3992,4687,3275.08
299,2011-10-26,4,0,10,0,3,1,2,0.484167,0.472846,0.720417,0.148642,404,3490,3894,3039.33
300,2011-10-27,4,0,10,0,4,1,2,0.47,0.457046,0.812917,0.19776300000000002,240,2419,2659,3171.4
301,2011-10-28,4,0,10,0,5,1,2,0.330833,0.318812,0.585833,0.229479,456,3291,3747,1939.39
302,2011-10-29,4,0,10,0,6,0,3,0.25416700000000003,0.227913,0.8825,0.351371,57,570,627,1299.09
303,2011-10-30,4,0,10,0,0,0,1,0.31916700000000003,0.321329,0.62375,0.176617,885,2446,3331,2190.99
304,2011-10-31,4,0,10,0,1,1,1,0.34,0.356063,0.703333,0.10635,362,3307,3669,2242.9
305,2011-11-01,4,0,11,0,2,1,1,0.400833,0.397088,0.68375,0.135571,410,3658,4068,2476.11
306,2011-11-02,4,0,11,0,3,1,1,0.3775,0.390133,0.71875,0.08209169999999999,370,3816,4186,2431.03
307,2011-11-03,4,0,11,0,4,1,1,0.408333,0.405921,0.702083,0.136817,318,3656,3974,2516.79
308,2011-11-04,4,0,11,0,5,1,2,0.403333,0.40339200000000003,0.6225,0.271779,470,3576,4046,2142.24
309,2011-11-05,4,0,11,0,6,0,1,0.326667,0.323854,0.519167,0.18906199999999998,1156,2770,3926,2217.35
310,2011-11-06,4,0,11,0,0,0,1,0.348333,0.362358,0.734583,0.09205419999999999,952,2697,3649,2512.2
311,2011-11-07,4,0,11,0,1,1,1,0.395,0.400871,0.75875,0.057225,373,3662,4035,2499.37
312,2011-11-08,4,0,11,0,2,1,1,0.408333,0.412246,0.7216670000000001,0.0690375,376,3829,4205,2561.8
313,2011-11-09,4,0,11,0,3,1,1,0.4,0.40907899999999997,0.758333,0.06219580000000001,305,3804,4109,2503.59
314,2011-11-10,4,0,11,0,4,1,2,0.38,0.373721,0.813333,0.189067,190,2743,2933,2256.84
315,2011-11-11,4,0,11,1,5,0,1,0.324167,0.306817,0.44625,0.314675,440,2928,3368,2181.49
316,2011-11-12,4,0,11,0,6,0,1,0.356667,0.357942,0.552917,0.212062,1275,2792,4067,2409.22
317,2011-11-13,4,0,11,0,0,0,1,0.440833,0.43055,0.458333,0.281721,1004,2713,3717,3146.18
318,2011-11-14,4,0,11,0,1,1,1,0.53,0.524612,0.587083,0.306596,595,3891,4486,3321.47
319,2011-11-15,4,0,11,0,2,1,2,0.53,0.507579,0.68875,0.199633,449,3746,4195,3457.53
320,2011-11-16,4,0,11,0,3,1,3,0.456667,0.451988,0.93,0.136829,145,1672,1817,3171.87
321,2011-11-17,4,0,11,0,4,1,2,0.341667,0.323221,0.575833,0.30536199999999997,139,2914,3053,1884.75
322,2011-11-18,4,0,11,0,5,1,1,0.274167,0.272721,0.41,0.168533,245,3147,3392,2193.99
323,2011-11-19,4,0,11,0,6,0,1,0.329167,0.32448299999999997,0.502083,0.224496,943,2720,3663,2216.53
324,2011-11-20,4,0,11,0,0,0,2,0.463333,0.457058,0.6845829999999999,0.18595,787,2733,3520,3447.46
325,2011-11-21,4,0,11,0,1,1,3,0.4475,0.445062,0.91,0.138054,220,2545,2765,3026.11
326,2011-11-22,4,0,11,0,2,1,3,0.416667,0.421696,0.9625,0.11879200000000001,69,1538,1607,1704.8
327,2011-11-23,4,0,11,0,3,1,2,0.440833,0.430537,0.757917,0.335825,112,2454,2566,2550.42
328,2011-11-24,4,0,11,1,4,0,1,0.37333299999999997,0.372471,0.549167,0.167304,560,935,1495,2588.0
329,2011-11-25,4,0,11,0,5,1,1,0.375,0.380671,0.64375,0.0988958,1095,1697,2792,2478.29
330,2011-11-26,4,0,11,0,6,0,1,0.375833,0.385087,0.681667,0.0684208,1249,1819,3068,2531.2
331,2011-11-27,4,0,11,0,0,0,1,0.459167,0.4558,0.698333,0.208954,810,2261,3071,3487.59
332,2011-11-28,4,0,11,0,1,1,1,0.503478,0.490122,0.743043,0.142122,253,3614,3867,2983.46
333,2011-11-29,4,0,11,0,2,1,2,0.458333,0.451375,0.830833,0.258092,96,2818,2914,3032.58
334,2011-11-30,4,0,11,0,3,1,1,0.325,0.311221,0.613333,0.271158,188,3425,3613,2109.06
335,2011-12-01,4,0,12,0,4,1,1,0.3125,0.305554,0.524583,0.220158,182,3545,3727,2069.61
336,2011-12-02,4,0,12,0,5,1,1,0.31416700000000003,0.331433,0.625833,0.100754,268,3672,3940,2159.59
337,2011-12-03,4,0,12,0,6,0,1,0.299167,0.310604,0.612917,0.0957833,706,2908,3614,2188.91
338,2011-12-04,4,0,12,0,0,0,1,0.330833,0.3491,0.775833,0.08395830000000001,634,2851,3485,2423.3
339,2011-12-05,4,0,12,0,1,1,2,0.385833,0.393925,0.827083,0.06220830000000001,233,3578,3811,2314.21
340,2011-12-06,4,0,12,0,2,1,3,0.4625,0.4564,0.949583,0.23258299999999998,126,2468,2594,3217.93
341,2011-12-07,4,0,12,0,3,1,3,0.41,0.400246,0.970417,0.266175,50,655,705,1310.41
342,2011-12-08,4,0,12,0,4,1,1,0.265833,0.256938,0.58,0.240058,150,3172,3322,2097.82
343,2011-12-09,4,0,12,0,5,1,1,0.290833,0.317542,0.695833,0.08271669999999999,261,3359,3620,2000.83
344,2011-12-10,4,0,12,0,6,0,1,0.275,0.266412,0.5075,0.233221,502,2688,3190,2288.31
345,2011-12-11,4,0,12,0,0,0,1,0.220833,0.253154,0.49,0.0665417,377,2366,2743,1997.49
346,2011-12-12,4,0,12,0,1,1,1,0.238333,0.270196,0.670833,0.06345,143,3167,3310,1902.44
347,2011-12-13,4,0,12,0,2,1,1,0.2825,0.301138,0.59,0.14055,155,3368,3523,2006.91
348,2011-12-14,4,0,12,0,3,1,2,0.3175,0.338362,0.66375,0.06095830000000001,178,3562,3740,2067.41
349,2011-12-15,4,0,12,0,4,1,2,0.4225,0.41223699999999996,0.634167,0.268042,181,3528,3709,2256.41
350,2011-12-16,4,0,12,0,5,1,2,0.375,0.359825,0.500417,0.260575,178,3399,3577,2169.45
351,2011-12-17,4,0,12,0,6,0,2,0.258333,0.249371,0.560833,0.243167,275,2464,2739,1963.7
352,2011-12-18,4,0,12,0,0,0,1,0.238333,0.245579,0.58625,0.16977899999999999,220,2211,2431,1956.58
353,2011-12-19,4,0,12,0,1,1,1,0.276667,0.280933,0.6375,0.172896,260,3143,3403,2001.78
354,2011-12-20,4,0,12,0,2,1,2,0.385833,0.396454,0.595417,0.06157080000000001,216,3534,3750,2368.27
355,2011-12-21,1,0,12,0,3,1,2,0.428333,0.428017,0.858333,0.2214,107,2553,2660,2518.16
356,2011-12-22,1,0,12,0,4,1,2,0.423333,0.426121,0.7575,0.047275,227,2841,3068,2655.53
357,2011-12-23,1,0,12,0,5,1,1,0.37333299999999997,0.377513,0.68625,0.274246,163,2046,2209,2308.06
358,2011-12-24,1,0,12,0,6,0,1,0.3025,0.299242,0.5425,0.190304,155,856,1011,2152.43
359,2011-12-25,1,0,12,0,0,0,1,0.274783,0.279961,0.681304,0.155091,303,451,754,2088.55
360,2011-12-26,1,0,12,1,1,0,1,0.321739,0.315535,0.506957,0.239465,430,887,1317,2149.41
361,2011-12-27,1,0,12,0,2,1,2,0.325,0.327633,0.7625,0.18845,103,1059,1162,1959.27
362,2011-12-28,1,0,12,0,3,1,1,0.29913,0.279974,0.503913,0.29396100000000003,255,2047,2302,2142.12
363,2011-12-29,1,0,12,0,4,1,1,0.248333,0.263892,0.574167,0.11941199999999999,254,2169,2423,1950.38
364,2011-12-30,1,0,12,0,5,1,1,0.311667,0.318812,0.636667,0.13433699999999998,491,2508,2999,2032.42
365,2011-12-31,1,0,12,0,6,0,1,0.41,0.414121,0.615833,0.220154,665,1820,2485,2610.2
366,2012-01-01,1,1,1,0,0,0,1,0.37,0.375621,0.6925,0.192167,686,1608,2294,1212.53
367,2012-01-02,1,1,1,1,1,0,1,0.273043,0.252304,0.381304,0.329665,244,1707,1951,1274.06
368,2012-01-03,1,1,1,0,2,1,1,0.15,0.126275,0.44125,0.365671,89,2147,2236,1384.94
369,2012-01-04,1,1,1,0,3,1,2,0.1075,0.11933699999999998,0.414583,0.1847,95,2273,2368,1427.67
370,2012-01-05,1,1,1,0,4,1,1,0.265833,0.278412,0.524167,0.129987,140,3132,3272,1774.8
371,2012-01-06,1,1,1,0,5,1,1,0.334167,0.340267,0.542083,0.167908,307,3791,4098,1824.25
372,2012-01-07,1,1,1,0,6,0,1,0.393333,0.390779,0.531667,0.174758,1070,3451,4521,1474.9
373,2012-01-08,1,1,1,0,0,0,1,0.3375,0.340258,0.465,0.19154200000000002,599,2826,3425,1416.56
374,2012-01-09,1,1,1,0,1,1,2,0.224167,0.247479,0.701667,0.0989,106,2270,2376,1278.21
375,2012-01-10,1,1,1,0,2,1,1,0.308696,0.318826,0.646522,0.187552,173,3425,3598,1718.1
376,2012-01-11,1,1,1,0,3,1,2,0.274167,0.282821,0.8475,0.131221,92,2085,2177,1202.92
377,2012-01-12,1,1,1,0,4,1,2,0.3825,0.381938,0.802917,0.18096700000000002,269,3828,4097,1356.98
378,2012-01-13,1,1,1,0,5,1,1,0.274167,0.249362,0.5075,0.378108,174,3040,3214,1713.63
379,2012-01-14,1,1,1,0,6,0,1,0.18,0.183087,0.4575,0.187183,333,2160,2493,1086.55
380,2012-01-15,1,1,1,0,0,0,1,0.166667,0.161625,0.419167,0.251258,284,2027,2311,1000.02
381,2012-01-16,1,1,1,1,1,0,1,0.19,0.190663,0.5225,0.23135799999999998,217,2081,2298,1069.23
382,2012-01-17,1,1,1,0,2,1,2,0.37304299999999996,0.36427800000000005,0.716087,0.34913,127,2808,2935,1349.87
383,2012-01-18,1,1,1,0,3,1,1,0.303333,0.275254,0.443333,0.415429,109,3267,3376,1735.42
384,2012-01-19,1,1,1,0,4,1,1,0.19,0.190038,0.4975,0.220158,130,3162,3292,1450.71
385,2012-01-20,1,1,1,0,5,1,2,0.2175,0.220958,0.45,0.20275,115,3048,3163,1537.99
386,2012-01-21,1,1,1,0,6,0,2,0.173333,0.174875,0.83125,0.222642,67,1234,1301,821.25
387,2012-01-22,1,1,1,0,0,0,2,0.1625,0.16225,0.79625,0.199638,196,1781,1977,851.57
388,2012-01-23,1,1,1,0,1,1,2,0.218333,0.243058,0.91125,0.11070799999999999,145,2287,2432,995.96
389,2012-01-24,1,1,1,0,2,1,1,0.3425,0.349108,0.835833,0.123767,439,3900,4339,1211.15
390,2012-01-25,1,1,1,0,3,1,1,0.294167,0.294821,0.64375,0.161071,467,3803,4270,1678.39
391,2012-01-26,1,1,1,0,4,1,2,0.341667,0.35605,0.769583,0.07339580000000001,244,3831,4075,1359.43
392,2012-01-27,1,1,1,0,5,1,2,0.425,0.415383,0.74125,0.342667,269,3187,3456,1497.45
393,2012-01-28,1,1,1,0,6,0,1,0.315833,0.326379,0.543333,0.210829,775,3248,4023,1389.13
394,2012-01-29,1,1,1,0,0,0,1,0.2825,0.272721,0.31125,0.24005,558,2685,3243,1366.15
395,2012-01-30,1,1,1,0,1,1,1,0.269167,0.262625,0.400833,0.215792,126,3498,3624,1772.59
396,2012-01-31,1,1,1,0,2,1,1,0.39,0.381317,0.416667,0.261817,324,4185,4509,1828.23
397,2012-02-01,1,1,2,0,3,1,1,0.469167,0.466538,0.507917,0.189067,304,4275,4579,3267.1
398,2012-02-02,1,1,2,0,4,1,2,0.399167,0.398971,0.672917,0.187187,190,3571,3761,2045.21
399,2012-02-03,1,1,2,0,5,1,1,0.313333,0.309346,0.526667,0.17849600000000002,310,3841,4151,1834.97
400,2012-02-04,1,1,2,0,6,0,2,0.264167,0.272725,0.779583,0.121896,384,2448,2832,1667.45
401,2012-02-05,1,1,2,0,0,0,2,0.265833,0.264521,0.687917,0.175996,318,2629,2947,1641.42
402,2012-02-06,1,1,2,0,1,1,1,0.282609,0.296426,0.622174,0.1538,206,3578,3784,1694.49
403,2012-02-07,1,1,2,0,2,1,1,0.354167,0.361104,0.49625,0.147379,199,4176,4375,2062.78
404,2012-02-08,1,1,2,0,3,1,2,0.25666700000000003,0.266421,0.722917,0.133721,109,2693,2802,1643.22
405,2012-02-09,1,1,2,0,4,1,1,0.265,0.261988,0.562083,0.194037,163,3667,3830,1789.71
406,2012-02-10,1,1,2,0,5,1,2,0.280833,0.293558,0.54,0.11692899999999999,227,3604,3831,1823.71
407,2012-02-11,1,1,2,0,6,0,3,0.224167,0.210867,0.73125,0.289796,192,1977,2169,1206.08
408,2012-02-12,1,1,2,0,0,0,1,0.1275,0.101658,0.46458299999999997,0.40921199999999996,73,1456,1529,1429.64
409,2012-02-13,1,1,2,0,1,1,1,0.2225,0.227913,0.41125,0.167283,94,3328,3422,1722.88
410,2012-02-14,1,1,2,0,2,1,2,0.31916700000000003,0.333946,0.50875,0.141179,135,3787,3922,1880.66
411,2012-02-15,1,1,2,0,3,1,1,0.348333,0.35162899999999997,0.53125,0.1816,141,4028,4169,2124.01
412,2012-02-16,1,1,2,0,4,1,2,0.31666700000000003,0.330162,0.7529170000000001,0.091425,74,2931,3005,1798.65
413,2012-02-17,1,1,2,0,5,1,1,0.343333,0.35162899999999997,0.634583,0.205846,349,3805,4154,2054.65
414,2012-02-18,1,1,2,0,6,0,1,0.346667,0.355425,0.534583,0.190929,1435,2883,4318,2071.45
415,2012-02-19,1,1,2,0,0,0,2,0.28,0.265788,0.515833,0.253112,618,2071,2689,1695.57
416,2012-02-20,1,1,2,1,1,0,1,0.28,0.273391,0.507826,0.22908299999999998,502,2627,3129,1646.01
417,2012-02-21,1,1,2,0,2,1,1,0.287826,0.295113,0.594348,0.205717,163,3614,3777,1708.24
418,2012-02-22,1,1,2,0,3,1,1,0.395833,0.392667,0.567917,0.234471,394,4379,4773,2061.69
419,2012-02-23,1,1,2,0,4,1,1,0.454167,0.444446,0.554583,0.190913,516,4546,5062,3081.85
420,2012-02-24,1,1,2,0,5,1,2,0.4075,0.41097100000000003,0.7375,0.237567,246,3241,3487,2023.01
421,2012-02-25,1,1,2,0,6,0,1,0.290833,0.255675,0.395833,0.421642,317,2415,2732,1765.74
422,2012-02-26,1,1,2,0,0,0,1,0.279167,0.268308,0.41,0.205229,515,2874,3389,1865.01
423,2012-02-27,1,1,2,0,1,1,1,0.366667,0.357954,0.490833,0.26803299999999997,253,4069,4322,1925.1
424,2012-02-28,1,1,2,0,2,1,1,0.359167,0.353525,0.395833,0.193417,229,4134,4363,2096.45
425,2012-02-29,1,1,2,0,3,1,2,0.344348,0.34847,0.804783,0.179117,65,1769,1834,1791.99
426,2012-03-01,1,1,3,0,4,1,1,0.485833,0.475371,0.615417,0.226987,325,4665,4990,3193.47
427,2012-03-02,1,1,3,0,5,1,2,0.353333,0.359842,0.657083,0.144904,246,2948,3194,2178.36
428,2012-03-03,1,1,3,0,6,0,2,0.414167,0.413492,0.62125,0.161079,956,3110,4066,2602.87
429,2012-03-04,1,1,3,0,0,0,1,0.325833,0.303021,0.403333,0.334571,710,2713,3423,2035.59
430,2012-03-05,1,1,3,0,1,1,1,0.243333,0.241171,0.50625,0.228858,203,3130,3333,1852.11
431,2012-03-06,1,1,3,0,2,1,1,0.258333,0.255042,0.456667,0.200875,221,3735,3956,1955.96
432,2012-03-07,1,1,3,0,3,1,1,0.404167,0.3851,0.513333,0.345779,432,4484,4916,1998.74
433,2012-03-08,1,1,3,0,4,1,1,0.5275,0.524604,0.5675,0.441563,486,4896,5382,3153.03
434,2012-03-09,1,1,3,0,5,1,2,0.410833,0.397083,0.407083,0.4148,447,4122,4569,2009.56
435,2012-03-10,1,1,3,0,6,0,1,0.2875,0.277767,0.35041700000000003,0.22575,968,3150,4118,2203.41
436,2012-03-11,1,1,3,0,0,0,1,0.361739,0.35967,0.47695699999999996,0.22258699999999998,1658,3253,4911,2473.4
437,2012-03-12,1,1,3,0,1,1,1,0.466667,0.459592,0.489167,0.207713,838,4460,5298,3501.96
438,2012-03-13,1,1,3,0,2,1,1,0.565,0.542929,0.6175,0.23695,762,5085,5847,3504.18
439,2012-03-14,1,1,3,0,3,1,1,0.5725,0.548617,0.507083,0.11506199999999998,997,5315,6312,3476.98
440,2012-03-15,1,1,3,0,4,1,1,0.5575,0.532825,0.579583,0.149883,1005,5187,6192,3328.22
441,2012-03-16,1,1,3,0,5,1,2,0.43583299999999997,0.436229,0.842083,0.113192,548,3830,4378,2808.94
442,2012-03-17,1,1,3,0,6,0,2,0.514167,0.505046,0.755833,0.110704,3155,4681,7836,3565.6
443,2012-03-18,1,1,3,0,0,0,2,0.4725,0.46399999999999997,0.81,0.126883,2207,3685,5892,3087.37
444,2012-03-19,1,1,3,0,1,1,1,0.545,0.532821,0.72875,0.16231700000000002,982,5171,6153,3112.19
445,2012-03-20,1,1,3,0,2,1,1,0.560833,0.538533,0.807917,0.121271,1051,5042,6093,3159.34
446,2012-03-21,2,1,3,0,3,1,2,0.531667,0.513258,0.82125,0.08955830000000001,1122,5108,6230,3168.95
447,2012-03-22,2,1,3,0,4,1,1,0.554167,0.531567,0.83125,0.11756199999999999,1334,5537,6871,3246.2
448,2012-03-23,2,1,3,0,5,1,2,0.601667,0.570067,0.694167,0.1163,2469,5893,8362,3716.71
449,2012-03-24,2,1,3,0,6,0,2,0.5025,0.48673299999999997,0.885417,0.19278299999999998,1033,2339,3372,3701.03
450,2012-03-25,2,1,3,0,0,0,2,0.4375,0.437488,0.880833,0.220775,1532,3464,4996,2874.61
451,2012-03-26,2,1,3,0,1,1,1,0.445833,0.43875,0.477917,0.386821,795,4763,5558,3203.05
452,2012-03-27,2,1,3,0,2,1,1,0.323333,0.315654,0.29,0.187192,531,4571,5102,2189.17
453,2012-03-28,2,1,3,0,3,1,1,0.484167,0.47095,0.48125,0.291671,674,5024,5698,3450.1
454,2012-03-29,2,1,3,0,4,1,1,0.494167,0.482304,0.43916700000000003,0.31965,834,5299,6133,3599.24
455,2012-03-30,2,1,3,0,5,1,2,0.37,0.375621,0.580833,0.138067,796,4663,5459,2324.18
456,2012-03-31,2,1,3,0,6,0,2,0.424167,0.42170799999999997,0.738333,0.25061700000000003,2301,3934,6235,2337.41
457,2012-04-01,2,1,4,0,0,0,2,0.425833,0.41728699999999996,0.67625,0.172267,2347,3694,6041,2597.48
458,2012-04-02,2,1,4,0,1,1,1,0.433913,0.42751300000000003,0.5043479999999999,0.312139,1208,4728,5936,2689.76
459,2012-04-03,2,1,4,0,2,1,1,0.466667,0.461483,0.396667,0.100133,1348,5424,6772,3678.31
460,2012-04-04,2,1,4,0,3,1,1,0.541667,0.53345,0.469583,0.180975,1058,5378,6436,3879.03
461,2012-04-05,2,1,4,0,4,1,1,0.435,0.431163,0.374167,0.219529,1192,5265,6457,3236.56
462,2012-04-06,2,1,4,0,5,1,1,0.403333,0.39076700000000003,0.377083,0.300388,1807,4653,6460,2467.48
463,2012-04-07,2,1,4,0,6,0,1,0.4375,0.426129,0.25416700000000003,0.274871,3252,3605,6857,3451.28
464,2012-04-08,2,1,4,0,0,0,1,0.5,0.492425,0.275833,0.232596,2230,2939,5169,3826.29
465,2012-04-09,2,1,4,0,1,1,1,0.489167,0.476638,0.3175,0.358196,905,4680,5585,3482.16
466,2012-04-10,2,1,4,0,2,1,1,0.446667,0.436233,0.435,0.249375,819,5099,5918,3500.63
467,2012-04-11,2,1,4,0,3,1,1,0.348696,0.33727399999999996,0.46956499999999995,0.295274,482,4380,4862,2330.87
468,2012-04-12,2,1,4,0,4,1,1,0.3975,0.387604,0.46625,0.290429,663,4746,5409,2470.37
469,2012-04-13,2,1,4,0,5,1,1,0.4425,0.43180799999999997,0.408333,0.155471,1252,5146,6398,3551.08
470,2012-04-14,2,1,4,0,6,0,1,0.495,0.487996,0.5029170000000001,0.190917,2795,4665,7460,4243.45
471,2012-04-15,2,1,4,0,0,0,1,0.606667,0.573875,0.507917,0.225129,2846,4286,7132,4098.98
472,2012-04-16,2,1,4,1,1,0,1,0.664167,0.614925,0.561667,0.284829,1198,5172,6370,3906.37
473,2012-04-17,2,1,4,0,2,1,1,0.608333,0.598487,0.390417,0.273629,989,5702,6691,3957.57
474,2012-04-18,2,1,4,0,3,1,2,0.463333,0.457038,0.569167,0.16791199999999998,347,4020,4367,3263.35
475,2012-04-19,2,1,4,0,4,1,1,0.49833299999999997,0.493046,0.6125,0.0659292,846,5719,6565,3223.73
476,2012-04-20,2,1,4,0,5,1,1,0.526667,0.515775,0.694583,0.149871,1340,5950,7290,3557.86
477,2012-04-21,2,1,4,0,6,0,1,0.57,0.542921,0.682917,0.283587,2541,4083,6624,4041.88
478,2012-04-22,2,1,4,0,0,0,3,0.396667,0.389504,0.835417,0.344546,120,907,1027,1524.1
479,2012-04-23,2,1,4,0,1,1,2,0.321667,0.301125,0.766667,0.303496,195,3019,3214,1900.26
480,2012-04-24,2,1,4,0,2,1,1,0.413333,0.405283,0.454167,0.249383,518,5115,5633,2667.81
481,2012-04-25,2,1,4,0,3,1,1,0.476667,0.470317,0.427917,0.11879200000000001,655,5541,6196,3670.45
482,2012-04-26,2,1,4,0,4,1,2,0.49833299999999997,0.483583,0.756667,0.176625,475,4551,5026,3088.54
483,2012-04-27,2,1,4,0,5,1,1,0.4575,0.452637,0.400833,0.34763299999999997,1014,5219,6233,3875.05
484,2012-04-28,2,1,4,0,6,0,2,0.37666700000000003,0.377504,0.489583,0.129975,1120,3100,4220,2565.33
485,2012-04-29,2,1,4,0,0,0,1,0.458333,0.450121,0.587083,0.116908,2229,4075,6304,3463.7
486,2012-04-30,2,1,4,0,1,1,2,0.464167,0.457696,0.57,0.171638,665,4907,5572,3255.33
487,2012-05-01,2,1,5,0,2,1,2,0.613333,0.577021,0.659583,0.156096,653,5087,5740,3851.2
488,2012-05-02,2,1,5,0,3,1,1,0.564167,0.537896,0.797083,0.138058,667,5502,6169,3359.84
489,2012-05-03,2,1,5,0,4,1,2,0.56,0.537242,0.768333,0.133696,764,5657,6421,3303.1
490,2012-05-04,2,1,5,0,5,1,1,0.6275,0.590917,0.735417,0.162938,1069,5227,6296,3957.52
491,2012-05-05,2,1,5,0,6,0,2,0.621667,0.584608,0.756667,0.15299200000000002,2496,4387,6883,4077.33
492,2012-05-06,2,1,5,0,0,0,2,0.5625,0.546737,0.74,0.14987899999999998,2135,4224,6359,3433.69
493,2012-05-07,2,1,5,0,1,1,2,0.5375,0.527142,0.664167,0.230721,1008,5265,6273,3503.85
494,2012-05-08,2,1,5,0,2,1,2,0.581667,0.557471,0.685833,0.296029,738,4990,5728,3758.7
495,2012-05-09,2,1,5,0,3,1,2,0.575,0.553025,0.744167,0.216412,620,4097,4717,3566.75
496,2012-05-10,2,1,5,0,4,1,1,0.505833,0.49178299999999997,0.552083,0.31406300000000004,1026,5546,6572,3267.05
497,2012-05-11,2,1,5,0,5,1,1,0.533333,0.520833,0.360417,0.23693699999999998,1319,5711,7030,4187.07
498,2012-05-12,2,1,5,0,6,0,1,0.564167,0.544817,0.480417,0.12313299999999999,2622,4807,7429,4339.4
499,2012-05-13,2,1,5,0,0,0,1,0.6125,0.585238,0.57625,0.225117,2172,3946,6118,3964.24
500,2012-05-14,2,1,5,0,1,1,2,0.573333,0.5499,0.789583,0.21269200000000002,342,2501,2843,3532.94
501,2012-05-15,2,1,5,0,2,1,2,0.611667,0.576404,0.794583,0.147392,625,4490,5115,3870.96
502,2012-05-16,2,1,5,0,3,1,1,0.636667,0.595975,0.697917,0.122512,991,6433,7424,3885.7
503,2012-05-17,2,1,5,0,4,1,1,0.593333,0.572613,0.52,0.229475,1242,6142,7384,4003.56
504,2012-05-18,2,1,5,0,5,1,1,0.564167,0.551121,0.523333,0.136817,1521,6118,7639,3726.88
505,2012-05-19,2,1,5,0,6,0,1,0.6,0.566908,0.45625,0.083975,3410,4884,8294,4328.39
506,2012-05-20,2,1,5,0,0,0,1,0.620833,0.583967,0.530417,0.254367,2704,4425,7129,3961.4
507,2012-05-21,2,1,5,0,1,1,2,0.598333,0.565667,0.81125,0.233204,630,3729,4359,3827.33
508,2012-05-22,2,1,5,0,2,1,2,0.615,0.580825,0.765833,0.11816700000000001,819,5254,6073,3871.83
509,2012-05-23,2,1,5,0,3,1,2,0.621667,0.584612,0.774583,0.102,766,4494,5260,3779.54
510,2012-05-24,2,1,5,0,4,1,1,0.655,0.6067,0.716667,0.172896,1059,5711,6770,3880.57
511,2012-05-25,2,1,5,0,5,1,1,0.68,0.627529,0.7470829999999999,0.14055,1417,5317,6734,3947.66
512,2012-05-26,2,1,5,0,6,0,1,0.6925,0.642696,0.7325,0.198992,2855,3681,6536,4286.4
513,2012-05-27,2,1,5,0,0,0,1,0.69,0.641425,0.697083,0.215171,3283,3308,6591,4044.62
514,2012-05-28,2,1,5,1,1,0,1,0.7125,0.6793,0.67625,0.196521,2557,3486,6043,4008.58
515,2012-05-29,2,1,5,0,2,1,1,0.7225,0.672992,0.6845829999999999,0.2954,880,4863,5743,4043.29
516,2012-05-30,2,1,5,0,3,1,2,0.656667,0.611129,0.67,0.134329,745,6110,6855,3846.89
517,2012-05-31,2,1,5,0,4,1,1,0.68,0.631329,0.492917,0.195279,1100,6238,7338,4146.23
518,2012-06-01,2,1,6,0,5,1,2,0.654167,0.607962,0.755417,0.23756300000000002,533,3594,4127,4062.75
519,2012-06-02,2,1,6,0,6,0,1,0.583333,0.566288,0.549167,0.18656199999999998,2795,5325,8120,4216.68
520,2012-06-03,2,1,6,0,0,0,1,0.6025,0.575133,0.49333299999999997,0.184087,2494,5147,7641,4123.72
521,2012-06-04,2,1,6,0,1,1,1,0.5975,0.578283,0.487083,0.284833,1071,5927,6998,3784.85
522,2012-06-05,2,1,6,0,2,1,2,0.540833,0.525892,0.613333,0.209575,968,6033,7001,3488.73
523,2012-06-06,2,1,6,0,3,1,1,0.554167,0.542292,0.61125,0.077125,1027,6028,7055,3488.17
524,2012-06-07,2,1,6,0,4,1,1,0.6025,0.569442,0.567083,0.15735,1038,6456,7494,3785.23
525,2012-06-08,2,1,6,0,5,1,1,0.649167,0.597862,0.467917,0.17538299999999998,1488,6248,7736,4165.01
526,2012-06-09,2,1,6,0,6,0,1,0.710833,0.648367,0.437083,0.144287,2708,4790,7498,4299.1
527,2012-06-10,2,1,6,0,0,0,1,0.726667,0.663517,0.538333,0.133721,2224,4374,6598,3931.52
528,2012-06-11,2,1,6,0,1,1,2,0.720833,0.659721,0.587917,0.207713,1017,5647,6664,3927.49
529,2012-06-12,2,1,6,0,2,1,2,0.6533329999999999,0.597875,0.833333,0.21454600000000001,477,4495,4972,4014.83
530,2012-06-13,2,1,6,0,3,1,1,0.655833,0.611117,0.582083,0.343279,1173,6248,7421,4053.55
531,2012-06-14,2,1,6,0,4,1,1,0.648333,0.624383,0.569583,0.253733,1180,6183,7363,4037.5
532,2012-06-15,2,1,6,0,5,1,1,0.639167,0.599754,0.589583,0.176617,1563,6102,7665,3999.52
533,2012-06-16,2,1,6,0,6,0,1,0.631667,0.594708,0.504167,0.166667,2963,4739,7702,4354.21
534,2012-06-17,2,1,6,0,0,0,1,0.5925,0.571975,0.59875,0.144904,2634,4344,6978,3848.52
535,2012-06-18,2,1,6,0,1,1,2,0.568333,0.544842,0.777917,0.174746,653,4446,5099,3438.82
536,2012-06-19,2,1,6,0,2,1,1,0.688333,0.654692,0.69,0.148017,968,5857,6825,3951.02
537,2012-06-20,2,1,6,0,3,1,1,0.7825,0.720975,0.592083,0.11381199999999998,872,5339,6211,3869.15
538,2012-06-21,3,1,6,0,4,1,1,0.805833,0.752542,0.567917,0.11878699999999999,778,5127,5905,3878.39
539,2012-06-22,3,1,6,0,5,1,1,0.7775,0.724121,0.57375,0.182842,964,4859,5823,4034.59
540,2012-06-23,3,1,6,0,6,0,1,0.731667,0.652792,0.534583,0.179721,2657,4801,7458,4295.26
541,2012-06-24,3,1,6,0,0,0,1,0.743333,0.674254,0.479167,0.145525,2551,4340,6891,4059.39
542,2012-06-25,3,1,6,0,1,1,1,0.7158329999999999,0.654042,0.504167,0.300383,1139,5640,6779,3972.4
543,2012-06-26,3,1,6,0,2,1,1,0.630833,0.594704,0.37333299999999997,0.347642,1077,6365,7442,3989.6
544,2012-06-27,3,1,6,0,3,1,1,0.6975,0.640792,0.36,0.271775,1077,6258,7335,4051.35
545,2012-06-28,3,1,6,0,4,1,1,0.749167,0.675512,0.4225,0.17165,921,5958,6879,4021.19
546,2012-06-29,3,1,6,0,5,1,1,0.834167,0.786613,0.48875,0.165417,829,4634,5463,4133.54
547,2012-06-30,3,1,6,0,6,0,1,0.765,0.687508,0.60125,0.161071,1455,4232,5687,4181.85
548,2012-07-01,3,1,7,0,0,0,1,0.815833,0.750629,0.51875,0.16852899999999998,1421,4110,5531,3996.86
549,2012-07-02,3,1,7,0,1,1,1,0.781667,0.702038,0.447083,0.195267,904,5323,6227,4082.86
550,2012-07-03,3,1,7,0,2,1,1,0.780833,0.70265,0.492083,0.126237,1052,5608,6660,4047.69
551,2012-07-04,3,1,7,1,3,0,1,0.789167,0.732337,0.53875,0.13495,2562,4841,7403,3910.57
552,2012-07-05,3,1,7,0,4,1,1,0.8275,0.761367,0.457917,0.194029,1405,4836,6241,4163.35
553,2012-07-06,3,1,7,0,5,1,1,0.828333,0.752533,0.450833,0.146142,1366,4841,6207,4114.93
554,2012-07-07,3,1,7,0,6,0,1,0.861667,0.804913,0.492083,0.163554,1448,3392,4840,4387.75
555,2012-07-08,3,1,7,0,0,0,1,0.8225,0.790396,0.57375,0.125629,1203,3469,4672,3929.42
556,2012-07-09,3,1,7,0,1,1,2,0.710833,0.654054,0.683333,0.180975,998,5571,6569,3949.92
557,2012-07-10,3,1,7,0,2,1,2,0.720833,0.664796,0.6675,0.15173699999999998,954,5336,6290,3914.11
558,2012-07-11,3,1,7,0,3,1,1,0.716667,0.650271,0.633333,0.15173299999999998,975,6289,7264,3876.28
559,2012-07-12,3,1,7,0,4,1,1,0.7158329999999999,0.654683,0.529583,0.146775,1032,6414,7446,3883.36
560,2012-07-13,3,1,7,0,5,1,2,0.731667,0.667933,0.485833,0.08085,1511,5988,7499,4082.04
561,2012-07-14,3,1,7,0,6,0,2,0.703333,0.666042,0.699167,0.143679,2355,4614,6969,4080.38
562,2012-07-15,3,1,7,0,0,0,1,0.745833,0.705196,0.717917,0.166667,1920,4111,6031,3944.41
563,2012-07-16,3,1,7,0,1,1,1,0.763333,0.724125,0.645,0.164187,1088,5742,6830,3873.41
564,2012-07-17,3,1,7,0,2,1,1,0.818333,0.755683,0.505833,0.114429,921,5865,6786,4027.37
565,2012-07-18,3,1,7,0,3,1,1,0.793333,0.745583,0.577083,0.137442,799,4914,5713,3862.08
566,2012-07-19,3,1,7,0,4,1,1,0.77,0.714642,0.600417,0.165429,888,5703,6591,3864.53
567,2012-07-20,3,1,7,0,5,1,2,0.665833,0.613025,0.844167,0.208967,747,5123,5870,3980.72
568,2012-07-21,3,1,7,0,6,0,3,0.595833,0.549912,0.865417,0.2133,1264,3195,4459,4072.7
569,2012-07-22,3,1,7,0,0,0,2,0.6675,0.623125,0.7625,0.09392080000000001,2544,4866,7410,3981.46
570,2012-07-23,3,1,7,0,1,1,1,0.741667,0.690017,0.694167,0.138683,1135,5831,6966,3879.59
571,2012-07-24,3,1,7,0,2,1,1,0.750833,0.70645,0.655,0.211454,1140,6452,7592,4013.8
572,2012-07-25,3,1,7,0,3,1,1,0.724167,0.654054,0.45,0.1648,1383,6790,8173,4043.25
573,2012-07-26,3,1,7,0,4,1,1,0.776667,0.739263,0.5966670000000001,0.28481300000000004,1036,5825,6861,3937.71
574,2012-07-27,3,1,7,0,5,1,1,0.781667,0.734217,0.594583,0.15299200000000002,1259,5645,6904,3935.62
575,2012-07-28,3,1,7,0,6,0,1,0.755833,0.697604,0.613333,0.15735,2234,4451,6685,4185.24
576,2012-07-29,3,1,7,0,0,0,1,0.7216670000000001,0.667933,0.62375,0.170396,2153,4444,6597,3953.13
577,2012-07-30,3,1,7,0,1,1,1,0.730833,0.684987,0.66875,0.153617,1040,6065,7105,3883.09
578,2012-07-31,3,1,7,0,2,1,1,0.713333,0.662896,0.704167,0.165425,968,6248,7216,3942.86
579,2012-08-01,3,1,8,0,3,1,1,0.7175,0.667308,0.6775,0.141179,1074,6506,7580,3883.78
580,2012-08-02,3,1,8,0,4,1,1,0.7525,0.707088,0.659583,0.129354,983,6278,7261,3864.62
581,2012-08-03,3,1,8,0,5,1,2,0.765833,0.722867,0.6425,0.215792,1328,5847,7175,3958.89
582,2012-08-04,3,1,8,0,6,0,1,0.793333,0.751267,0.613333,0.257458,2345,4479,6824,4339.14
583,2012-08-05,3,1,8,0,0,0,1,0.769167,0.731079,0.6525,0.290421,1707,3757,5464,3993.33
584,2012-08-06,3,1,8,0,1,1,2,0.7525,0.710246,0.654167,0.129354,1233,5780,7013,3854.48
585,2012-08-07,3,1,8,0,2,1,2,0.735833,0.697621,0.70375,0.116908,1278,5995,7273,3900.83
586,2012-08-08,3,1,8,0,3,1,2,0.75,0.707717,0.672917,0.1107,1263,6271,7534,3851.45
587,2012-08-09,3,1,8,0,4,1,1,0.755833,0.699508,0.620417,0.1561,1196,6090,7286,3866.86
588,2012-08-10,3,1,8,0,5,1,2,0.7158329999999999,0.667942,0.7158329999999999,0.238813,1065,4721,5786,4023.89
589,2012-08-11,3,1,8,0,6,0,2,0.6925,0.638267,0.732917,0.206479,2247,4052,6299,4184.26
590,2012-08-12,3,1,8,0,0,0,1,0.700833,0.644579,0.530417,0.122512,2182,4362,6544,3931.52
591,2012-08-13,3,1,8,0,1,1,1,0.720833,0.662254,0.545417,0.136212,1207,5676,6883,3848.04
592,2012-08-14,3,1,8,0,2,1,1,0.726667,0.676779,0.686667,0.169158,1128,5656,6784,3952.64
593,2012-08-15,3,1,8,0,3,1,1,0.706667,0.654037,0.619583,0.169771,1198,6149,7347,3877.9
594,2012-08-16,3,1,8,0,4,1,1,0.719167,0.654688,0.519167,0.141796,1338,6267,7605,3960.58
595,2012-08-17,3,1,8,0,5,1,1,0.723333,0.2424,0.570833,0.231354,1483,5665,7148,2560.34
596,2012-08-18,3,1,8,0,6,0,1,0.678333,0.618071,0.603333,0.177867,2827,5038,7865,4234.65
597,2012-08-19,3,1,8,0,0,0,2,0.635833,0.603554,0.711667,0.08645,1208,3341,4549,3911.32
598,2012-08-20,3,1,8,0,1,1,2,0.635833,0.595967,0.734167,0.12997899999999998,1026,5504,6530,3897.22
599,2012-08-21,3,1,8,0,2,1,1,0.649167,0.601025,0.67375,0.07277080000000001,1081,5925,7006,3943.59
600,2012-08-22,3,1,8,0,3,1,1,0.6675,0.621854,0.677083,0.0702833,1094,6281,7375,3884.41
601,2012-08-23,3,1,8,0,4,1,1,0.695833,0.637008,0.635833,0.08459580000000001,1363,6402,7765,3860.06
602,2012-08-24,3,1,8,0,5,1,2,0.7025,0.6471,0.615,0.07214580000000001,1325,6257,7582,3882.31
603,2012-08-25,3,1,8,0,6,0,2,0.661667,0.618696,0.712917,0.244408,1829,4224,6053,4238.8
604,2012-08-26,3,1,8,0,0,0,2,0.6533329999999999,0.595996,0.845833,0.228858,1483,3772,5255,4079.03
605,2012-08-27,3,1,8,0,1,1,1,0.703333,0.654688,0.730417,0.128733,989,5928,6917,3914.68
606,2012-08-28,3,1,8,0,2,1,1,0.728333,0.66605,0.62,0.190925,935,6105,7040,4006.17
607,2012-08-29,3,1,8,0,3,1,1,0.685,0.635733,0.552083,0.112562,1177,6520,7697,3864.32
608,2012-08-30,3,1,8,0,4,1,1,0.706667,0.652779,0.590417,0.0771167,1172,6541,7713,3860.36
609,2012-08-31,3,1,8,0,5,1,1,0.764167,0.6894,0.5875,0.168533,1433,5917,7350,3941.14
610,2012-09-01,3,1,9,0,6,0,2,0.753333,0.702654,0.638333,0.113187,2352,3788,6140,4094.83
611,2012-09-02,3,1,9,0,0,0,2,0.696667,0.649,0.815,0.06407080000000001,2613,3197,5810,4000.95
612,2012-09-03,3,1,9,1,1,0,1,0.7075,0.661629,0.790833,0.151121,1965,4069,6034,4010.11
613,2012-09-04,3,1,9,0,2,1,1,0.725833,0.686888,0.755,0.236321,867,5997,6864,4125.73
614,2012-09-05,3,1,9,0,3,1,1,0.736667,0.708983,0.74125,0.187808,832,6280,7112,3987.93
615,2012-09-06,3,1,9,0,4,1,2,0.696667,0.655329,0.810417,0.142421,611,5592,6203,3863.92
616,2012-09-07,3,1,9,0,5,1,1,0.703333,0.657204,0.73625,0.171646,1045,6459,7504,3965.21
617,2012-09-08,3,1,9,0,6,0,2,0.6591670000000001,0.611121,0.799167,0.281104,1557,4419,5976,4152.41
618,2012-09-09,3,1,9,0,0,0,1,0.61,0.578925,0.5475,0.224496,2570,5657,8227,3964.75
619,2012-09-10,3,1,9,0,1,1,1,0.583333,0.565654,0.50375,0.258713,1118,6407,7525,3774.02
620,2012-09-11,3,1,9,0,2,1,1,0.5775,0.554292,0.52,0.09205419999999999,1070,6697,7767,3651.99
621,2012-09-12,3,1,9,0,3,1,1,0.599167,0.570075,0.577083,0.131846,1050,6820,7870,3757.01
622,2012-09-13,3,1,9,0,4,1,1,0.6125,0.579558,0.637083,0.08272080000000001,1054,6750,7804,3812.04
623,2012-09-14,3,1,9,0,5,1,1,0.633333,0.594083,0.6725,0.10386300000000001,1379,6630,8009,3948.26
624,2012-09-15,3,1,9,0,6,0,1,0.608333,0.585867,0.501667,0.247521,3160,5554,8714,4546.29
625,2012-09-16,3,1,9,0,0,0,1,0.58,0.563125,0.57,0.09018330000000001,2166,5167,7333,3807.9
626,2012-09-17,3,1,9,0,1,1,2,0.580833,0.55305,0.734583,0.15174200000000002,1022,5847,6869,3632.8
627,2012-09-18,3,1,9,0,2,1,2,0.623333,0.565067,0.8725,0.357587,371,3702,4073,3735.8
628,2012-09-19,3,1,9,0,3,1,1,0.5525,0.540404,0.536667,0.215175,788,6803,7591,3609.39
629,2012-09-20,3,1,9,0,4,1,1,0.546667,0.532192,0.618333,0.11816700000000001,939,6781,7720,3473.06
630,2012-09-21,3,1,9,0,5,1,1,0.599167,0.571971,0.66875,0.154229,1250,6917,8167,3874.03
631,2012-09-22,3,1,9,0,6,0,1,0.65,0.610488,0.646667,0.283583,2512,5883,8395,4240.1
632,2012-09-23,4,1,9,0,0,0,1,0.529167,0.518933,0.46708299999999997,0.22325799999999998,2454,5453,7907,3941.1
633,2012-09-24,4,1,9,0,1,1,1,0.514167,0.502513,0.492917,0.142404,1001,6435,7436,3708.91
634,2012-09-25,4,1,9,0,2,1,1,0.55,0.544179,0.57,0.236321,845,6693,7538,3709.52
635,2012-09-26,4,1,9,0,3,1,1,0.635,0.5966130000000001,0.630833,0.2444,787,6946,7733,4050.18
636,2012-09-27,4,1,9,0,4,1,2,0.65,0.607975,0.690833,0.13434200000000002,751,6642,7393,3848.77
637,2012-09-28,4,1,9,0,5,1,2,0.619167,0.585863,0.69,0.164179,1045,6370,7415,3864.42
638,2012-09-29,4,1,9,0,6,0,1,0.5425,0.530296,0.542917,0.227604,2589,5966,8555,4079.86
639,2012-09-30,4,1,9,0,0,0,1,0.526667,0.517663,0.583333,0.134958,2015,4874,6889,3546.16
640,2012-10-01,4,1,10,0,1,1,2,0.520833,0.512,0.649167,0.09080419999999999,763,6015,6778,3373.19
641,2012-10-02,4,1,10,0,2,1,3,0.5908329999999999,0.542333,0.871667,0.104475,315,4324,4639,3652.75
642,2012-10-03,4,1,10,0,3,1,2,0.6575,0.599133,0.79375,0.0665458,728,6844,7572,3860.56
643,2012-10-04,4,1,10,0,4,1,2,0.6575,0.607975,0.722917,0.117546,891,6437,7328,3825.42
644,2012-10-05,4,1,10,0,5,1,1,0.615,0.580187,0.6275,0.10635,1516,6640,8156,3893.92
645,2012-10-06,4,1,10,0,6,0,1,0.554167,0.538521,0.664167,0.268025,3031,4934,7965,4050.89
646,2012-10-07,4,1,10,0,0,0,2,0.415833,0.419813,0.708333,0.14116199999999998,781,2729,3510,2587.7
647,2012-10-08,4,1,10,1,1,0,2,0.383333,0.387608,0.709583,0.189679,874,4604,5478,2291.21
648,2012-10-09,4,1,10,0,2,1,2,0.446667,0.438112,0.761667,0.1903,601,5791,6392,2884.87
649,2012-10-10,4,1,10,0,3,1,1,0.514167,0.503142,0.630833,0.18782100000000002,780,6911,7691,3543.07
650,2012-10-11,4,1,10,0,4,1,1,0.435,0.431167,0.463333,0.181596,834,6736,7570,3234.03
651,2012-10-12,4,1,10,0,5,1,1,0.4375,0.433071,0.539167,0.235092,1060,6222,7282,3278.89
652,2012-10-13,4,1,10,0,6,0,1,0.393333,0.391396,0.494583,0.146142,2252,4857,7109,2679.7
653,2012-10-14,4,1,10,0,0,0,1,0.521667,0.508204,0.640417,0.27861199999999997,2080,4559,6639,3386.32
654,2012-10-15,4,1,10,0,1,1,2,0.561667,0.53915,0.7075,0.296037,760,5115,5875,3242.32
655,2012-10-16,4,1,10,0,2,1,1,0.468333,0.460846,0.558333,0.182221,922,6612,7534,3348.92
656,2012-10-17,4,1,10,0,3,1,1,0.455833,0.450108,0.692917,0.101371,979,6482,7461,3254.61
657,2012-10-18,4,1,10,0,4,1,2,0.5225,0.512625,0.728333,0.23693699999999998,1008,6501,7509,3475.93
658,2012-10-19,4,1,10,0,5,1,2,0.563333,0.537896,0.815,0.134954,753,4671,5424,3493.48
659,2012-10-20,4,1,10,0,6,0,1,0.484167,0.472842,0.572917,0.11753699999999999,2806,5284,8090,3891.75
660,2012-10-21,4,1,10,0,0,0,1,0.464167,0.456429,0.51,0.166054,2132,4692,6824,3658.93
661,2012-10-22,4,1,10,0,1,1,1,0.4875,0.482942,0.568333,0.08148330000000001,830,6228,7058,3264.43
662,2012-10-23,4,1,10,0,2,1,1,0.544167,0.530304,0.641667,0.09454580000000001,841,6625,7466,3433.67
663,2012-10-24,4,1,10,0,3,1,1,0.5875,0.558721,0.63625,0.07277919999999999,795,6898,7693,3743.04
664,2012-10-25,4,1,10,0,4,1,2,0.55,0.529688,0.800417,0.124375,875,6484,7359,3293.15
665,2012-10-26,4,1,10,0,5,1,2,0.545833,0.52275,0.807083,0.132467,1182,6262,7444,3404.28
666,2012-10-27,4,1,10,0,6,0,2,0.53,0.515133,0.72,0.235692,2643,5209,7852,4111.6
667,2012-10-28,4,1,10,0,0,0,2,0.4775,0.467771,0.694583,0.398008,998,3461,4459,3157.3
668,2012-10-29,4,1,10,0,1,1,3,0.44,0.4394,0.88,0.3582,2,20,22,2753.55
669,2012-10-30,4,1,10,0,2,1,2,0.318182,0.309909,0.8254549999999999,0.213009,87,1009,1096,1808.22
670,2012-10-31,4,1,10,0,3,1,2,0.3575,0.3611,0.666667,0.166667,419,5147,5566,2182.01
671,2012-11-01,4,1,11,0,4,1,2,0.365833,0.369942,0.581667,0.157346,466,5520,5986,2338.22
672,2012-11-02,4,1,11,0,5,1,1,0.355,0.356042,0.522083,0.266175,618,5229,5847,2320.78
673,2012-11-03,4,1,11,0,6,0,2,0.343333,0.323846,0.49125,0.270529,1029,4109,5138,2072.82
674,2012-11-04,4,1,11,0,0,0,1,0.325833,0.329538,0.532917,0.179108,1201,3906,5107,2407.1
675,2012-11-05,4,1,11,0,1,1,1,0.31916700000000003,0.308075,0.494167,0.236325,378,4881,5259,2246.8
676,2012-11-06,4,1,11,0,2,1,1,0.280833,0.281567,0.567083,0.173513,466,5220,5686,2023.77
677,2012-11-07,4,1,11,0,3,1,2,0.295833,0.274621,0.5475,0.304108,326,4709,5035,1953.75
678,2012-11-08,4,1,11,0,4,1,1,0.352174,0.341891,0.333478,0.347835,340,4975,5315,2208.76
679,2012-11-09,4,1,11,0,5,1,1,0.361667,0.35541300000000003,0.540833,0.214558,709,5283,5992,2316.89
680,2012-11-10,4,1,11,0,6,0,1,0.389167,0.393937,0.645417,0.05784580000000001,2090,4446,6536,2554.23
681,2012-11-11,4,1,11,0,0,0,1,0.420833,0.421713,0.6591670000000001,0.1275,2290,4562,6852,2725.47
682,2012-11-12,4,1,11,1,1,0,1,0.485,0.475383,0.741667,0.173517,1097,5172,6269,3117.39
683,2012-11-13,4,1,11,0,2,1,2,0.343333,0.323225,0.662917,0.342046,327,3767,4094,1763.6
684,2012-11-14,4,1,11,0,3,1,1,0.289167,0.281563,0.552083,0.199625,373,5122,5495,2071.73
685,2012-11-15,4,1,11,0,4,1,2,0.321667,0.324492,0.620417,0.15298699999999998,320,5125,5445,1893.44
686,2012-11-16,4,1,11,0,5,1,1,0.345,0.347204,0.524583,0.171025,484,5214,5698,2340.0
687,2012-11-17,4,1,11,0,6,0,1,0.325,0.326383,0.545417,0.179729,1313,4316,5629,2308.44
688,2012-11-18,4,1,11,0,0,0,1,0.3425,0.337746,0.692917,0.22761199999999998,922,3747,4669,2319.94
689,2012-11-19,4,1,11,0,1,1,2,0.380833,0.375621,0.623333,0.235067,449,5050,5499,2208.74
690,2012-11-20,4,1,11,0,2,1,2,0.374167,0.38066700000000003,0.685,0.082725,534,5100,5634,2320.65
691,2012-11-21,4,1,11,0,3,1,1,0.353333,0.364892,0.61375,0.103246,615,4531,5146,2358.24
692,2012-11-22,4,1,11,1,4,0,1,0.34,0.350371,0.580417,0.05287080000000001,955,1470,2425,2413.21
693,2012-11-23,4,1,11,0,5,1,1,0.36833299999999997,0.378779,0.56875,0.148021,1603,2307,3910,2509.56
694,2012-11-24,4,1,11,0,6,0,1,0.278333,0.24874200000000002,0.40458299999999997,0.376871,532,1745,2277,2125.5
695,2012-11-25,4,1,11,0,0,0,1,0.245833,0.257583,0.468333,0.1505,309,2115,2424,2151.96
696,2012-11-26,4,1,11,0,1,1,1,0.313333,0.33900399999999997,0.535417,0.04665,337,4750,5087,2243.93
697,2012-11-27,4,1,11,0,2,1,2,0.291667,0.281558,0.786667,0.237562,123,3836,3959,1936.27
698,2012-11-28,4,1,11,0,3,1,1,0.296667,0.28976199999999996,0.50625,0.210821,198,5062,5260,2125.48
699,2012-11-29,4,1,11,0,4,1,1,0.28087,0.29842199999999997,0.555652,0.115522,243,5080,5323,1992.02
700,2012-11-30,4,1,11,0,5,1,1,0.298333,0.323867,0.649583,0.05847080000000001,362,5306,5668,2026.06
701,2012-12-01,4,1,12,0,6,0,2,0.298333,0.316904,0.806667,0.05970419999999999,951,4240,5191,2039.39
702,2012-12-02,4,1,12,0,0,0,2,0.3475,0.35920799999999997,0.823333,0.12437899999999999,892,3757,4649,2370.26
703,2012-12-03,4,1,12,0,1,1,1,0.4525,0.455796,0.7675,0.08272080000000001,555,5679,6234,3026.15
704,2012-12-04,4,1,12,0,2,1,1,0.475833,0.46905399999999997,0.73375,0.174129,551,6055,6606,3011.16
705,2012-12-05,4,1,12,0,3,1,1,0.438333,0.428012,0.485,0.324021,331,5398,5729,2947.72
706,2012-12-06,4,1,12,0,4,1,1,0.255833,0.258204,0.50875,0.174754,340,5035,5375,1983.88
707,2012-12-07,4,1,12,0,5,1,2,0.320833,0.32195799999999997,0.764167,0.1306,349,4659,5008,1829.71
708,2012-12-08,4,1,12,0,6,0,2,0.38166700000000003,0.38950799999999997,0.91125,0.101379,1153,4429,5582,1924.89
709,2012-12-09,4,1,12,0,0,0,2,0.384167,0.390146,0.905417,0.157975,441,2787,3228,2009.77
710,2012-12-10,4,1,12,0,1,1,2,0.43583299999999997,0.435575,0.925,0.190308,329,4841,5170,2780.88
711,2012-12-11,4,1,12,0,2,1,2,0.353333,0.338363,0.5966670000000001,0.296037,282,5219,5501,1989.27
712,2012-12-12,4,1,12,0,3,1,2,0.2975,0.297338,0.538333,0.162937,310,5009,5319,1882.71
713,2012-12-13,4,1,12,0,4,1,1,0.295833,0.294188,0.485833,0.174129,425,5107,5532,2109.3
714,2012-12-14,4,1,12,0,5,1,1,0.281667,0.294192,0.642917,0.13122899999999998,429,5182,5611,1991.77
715,2012-12-15,4,1,12,0,6,0,1,0.324167,0.338383,0.650417,0.10635,767,4280,5047,2294.97
716,2012-12-16,4,1,12,0,0,0,2,0.3625,0.369938,0.83875,0.100742,538,3248,3786,2419.66
717,2012-12-17,4,1,12,0,1,1,2,0.393333,0.4015,0.907083,0.0982583,212,4373,4585,1971.36
718,2012-12-18,4,1,12,0,2,1,1,0.410833,0.409708,0.66625,0.221404,433,5124,5557,2415.84
719,2012-12-19,4,1,12,0,3,1,1,0.3325,0.34216199999999997,0.625417,0.184092,333,4934,5267,2189.3
720,2012-12-20,4,1,12,0,4,1,2,0.33,0.335217,0.667917,0.132463,314,3814,4128,2056.85
721,2012-12-21,1,1,12,0,5,1,2,0.326667,0.301767,0.556667,0.37438299999999997,221,3402,3623,1839.71
722,2012-12-22,1,1,12,0,6,0,1,0.265833,0.23611300000000002,0.44125,0.407346,205,1544,1749,2061.69
723,2012-12-23,1,1,12,0,0,0,1,0.245833,0.259471,0.515417,0.13308299999999998,408,1379,1787,2036.84
724,2012-12-24,1,1,12,0,1,1,2,0.231304,0.2589,0.791304,0.07723039999999999,174,746,920,1821.51
725,2012-12-25,1,1,12,1,2,0,2,0.291304,0.29446500000000003,0.734783,0.168726,440,573,1013,1901.81
726,2012-12-26,1,1,12,0,3,1,3,0.243333,0.220333,0.823333,0.316546,9,432,441,1393.39
727,2012-12-27,1,1,12,0,4,1,2,0.25416700000000003,0.226642,0.652917,0.35013299999999997,247,1867,2114,1687.82
728,2012-12-28,1,1,12,0,5,1,2,0.253333,0.255046,0.59,0.155471,644,2451,3095,1887.61
729,2012-12-29,1,1,12,0,6,0,2,0.253333,0.2424,0.7529170000000001,0.124383,159,1182,1341,1846.04
730,2012-12-30,1,1,12,0,0,0,1,0.255833,0.2317,0.483333,0.350754,364,1432,1796,1897.6
731,2012-12-31,1,1,12,0,1,1,2,0.215833,0.223487,0.5775,0.154846,439,2290,2729,1793.57
